count,mean,std,min,50%,max,t,p,r,f1,mcp,mcr,mcf1,batch_size,hashtag_split,svd,binary,tfidf_weights,save,save_results,lang,dataset,annotation,text+,remove_mentions,sub_model,model,window,distance,datetime_of_run,ami,ari,clustering,daily
10440.0,9.175862068965516,130.9073982701311,1.0,1.0,10542.0,0.47,0.9457932225550048,0.7442699183561653,0.7922765882042818,0.967032967032967,0.9344262295081968,0.9504500236854572,8,True,False,True,False,True,True,fr,data/event2018.tsv,annotated,False,False,Lajavaness/sentence-camembert-large,sbert,4352,cosine,,,,FSD,False
9323.0,10.275233294004076,155.20535349678556,1.0,1.0,12501.0,0.48,0.9392210792247,0.7565578527603048,0.7962062997071689,0.9603072983354674,0.930327868852459,0.9450798946395512,8,True,False,True,False,True,True,fr,data/event2018.tsv,annotated,False,False,Lajavaness/sentence-camembert-large,sbert,4352,cosine,,,,FSD,False
8238.0,11.6285506190823,169.8752512617601,1.0,1.0,12857.0,0.49,0.9308216145732332,0.7696302911413991,0.7999535790283115,0.956043956043956,0.9139344262295082,0.9345150646660726,8,True,False,True,False,True,True,fr,data/event2018.tsv,annotated,False,False,Lajavaness/sentence-camembert-large,sbert,4352,cosine,,,,FSD,False
7244.0,13.224185532854776,213.4376211059524,1.0,1.0,16085.0,0.5,0.9199276602466508,0.7789441994398038,0.799676149444215,0.9529411764705882,0.8975409836065574,0.9244117876963964,8,True,False,True,False,True,True,fr,data/event2018.tsv,annotated,False,False,Lajavaness/sentence-camembert-large,sbert,4352,cosine,,,,FSD,False
6388.0,14.99624295554164,236.8536168367445,1.0,1.0,16878.0,0.51,0.9143820192372456,0.7909660338895886,0.803540397238217,0.9485981308411215,0.8975409836065574,0.9223635345131644,8,True,False,True,False,True,True,fr,data/event2018.tsv,annotated,False,False,Lajavaness/sentence-camembert-large,sbert,4352,cosine,,,,FSD,False
5597.0,17.115597641593713,260.8498428113332,1.0,1.0,17442.0,0.52,0.8960858619717684,0.7992479315740986,0.7957216949480784,0.9443507588532885,0.8770491803278688,0.9094565572090976,8,True,False,True,False,True,True,fr,data/event2018.tsv,annotated,False,False,Lajavaness/sentence-camembert-large,sbert,4352,cosine,,,,FSD,False
4881.0,19.626306084818683,283.4771185081508,1.0,1.0,17679.0,0.53,0.8872808932146652,0.8078967219960648,0.7940203631472087,0.9402173913043478,0.8688524590163934,0.9031273085446934,8,True,False,True,False,True,True,fr,data/event2018.tsv,annotated,False,False,Lajavaness/sentence-camembert-large,sbert,4352,cosine,,,,FSD,False
26118.0,3.667815299793246,36.10092826105072,1.0,1.0,3502.0,0.28,0.944898253686533,0.6021618168953744,0.6833228287145837,0.9411326378539492,0.9057377049180328,0.923096002672161,8,True,False,True,False,True,True,fr,data/event2018.tsv,annotated,False,False,paraphrase-multilingual-MiniLM-L12-v2,sbert,4352,cosine,,,,FSD,False
23447.0,4.08563995393867,47.63057855805621,1.0,1.0,5478.0,0.29,0.9317531155768868,0.621119830035151,0.6970680030031587,0.9379418695993716,0.9098360655737704,0.9236752145687196,8,True,False,True,False,True,True,fr,data/event2018.tsv,annotated,False,False,paraphrase-multilingual-MiniLM-L12-v2,sbert,4352,cosine,,,,FSD,False
20774.0,4.611341099451237,56.26663694039776,1.0,1.0,6147.0,0.3,0.9259149812506704,0.6343731025670418,0.7053919546307852,0.9308333333333332,0.9139344262295082,0.9223064789650244,8,True,False,True,False,True,True,fr,data/event2018.tsv,annotated,False,False,paraphrase-multilingual-MiniLM-L12-v2,sbert,4352,cosine,,,,FSD,False
18384.0,5.210835509138382,63.07068985436645,1.0,1.0,6450.0,0.31,0.9071375335263347,0.6474255154323948,0.7058960091474101,0.9177602799650044,0.9016393442622952,0.9096283916943888,8,True,False,True,False,True,True,fr,data/event2018.tsv,annotated,False,False,paraphrase-multilingual-MiniLM-L12-v2,sbert,4352,cosine,,,,FSD,False
16201.0,5.912968335287945,76.21988143690821,1.0,1.0,7116.0,0.32,0.9002509943093724,0.661515828719067,0.7127699422008272,0.912280701754386,0.8934426229508197,0.9027633989010114,8,True,False,True,False,True,True,fr,data/event2018.tsv,annotated,False,False,paraphrase-multilingual-MiniLM-L12-v2,sbert,4352,cosine,,,,FSD,False
14155.0,6.76764394206994,102.10043928366052,1.0,1.0,10101.0,0.33,0.8852758465455518,0.6713811015354048,0.7099050684567674,0.9049019607843136,0.8770491803278688,0.8907578941672003,8,True,False,True,False,True,True,fr,data/event2018.tsv,annotated,False,False,paraphrase-multilingual-MiniLM-L12-v2,sbert,4352,cosine,,,,FSD,False
12336.0,7.76556420233463,119.95280993880506,1.0,1.0,11237.0,0.34,0.8711088743475676,0.6826496955824953,0.7072352174564213,0.9005291005291005,0.8647540983606558,0.8822790936495027,8,True,False,True,False,True,True,fr,data/event2018.tsv,annotated,False,False,paraphrase-multilingual-MiniLM-L12-v2,sbert,4352,cosine,,,,FSD,False
16338.0,5.863385971355123,71.34333552183956,1.0,1.0,4105.0,0.43,0.9300317753164676,0.6592090635958177,0.7242303138921906,0.9550438596491228,0.9221311475409836,0.9382989725273146,8,True,False,True,False,True,True,fr,data/event2018.tsv,annotated,False,False,Wissam42/sentence-croissant-llm-base,sbert,4352,cosine,,,,FSD,False
14138.0,6.775781581553261,87.04190170512646,1.0,1.0,5194.0,0.44,0.9250214292782772,0.6711872603739631,0.7294656614072489,0.9570917759237187,0.918032786885246,0.9371554805297654,8,True,False,True,False,True,True,fr,data/event2018.tsv,annotated,False,False,Wissam42/sentence-croissant-llm-base,sbert,4352,cosine,,,,FSD,False
12210.0,7.845700245700246,110.31324556333476,1.0,1.0,6655.0,0.45,0.9115286195384203,0.6812884042158678,0.7279584984409148,0.9566326530612244,0.9098360655737704,0.9326477112321032,8,True,False,True,False,True,True,fr,data/event2018.tsv,annotated,False,False,Wissam42/sentence-croissant-llm-base,sbert,4352,cosine,,,,FSD,False
10413.0,9.199654278305964,127.38275134362884,1.0,1.0,6945.0,0.46,0.9127206153872398,0.6945105878981236,0.7374543340675596,0.956338028169014,0.9057377049180328,0.9303503561840872,8,True,False,True,False,True,True,fr,data/event2018.tsv,annotated,False,False,Wissam42/sentence-croissant-llm-base,sbert,4352,cosine,,,,FSD,False
8823.0,10.857531451887112,150.4360155559783,1.0,1.0,7836.0,0.47,0.9036417654754456,0.7082756639812591,0.7412142974354599,0.9583975346687212,0.8852459016393442,0.9203704718583876,8,True,False,True,False,True,True,fr,data/event2018.tsv,annotated,False,False,Wissam42/sentence-croissant-llm-base,sbert,4352,cosine,,,,FSD,False
7420.0,12.910512129380054,175.32541849258155,1.0,1.0,8789.0,0.48,0.8835049313294658,0.7235817058788877,0.7407609439886464,0.9430051813471504,0.8688524590163934,0.9044114199990624,8,True,False,True,False,True,True,fr,data/event2018.tsv,annotated,False,False,Wissam42/sentence-croissant-llm-base,sbert,4352,cosine,,,,FSD,False
6173.0,15.51854851773854,205.95910705612783,1.0,1.0,9065.0,0.49,0.8619580288858378,0.7250154182006757,0.7214510866747507,0.9349904397705544,0.8278688524590164,0.8781749806634009,8,True,False,True,False,True,True,fr,data/event2018.tsv,annotated,False,False,Wissam42/sentence-croissant-llm-base,sbert,4352,cosine,,,,FSD,False
15638.0,4.654687300166262,26.56620668608135,1.0,1.0,1731.0,0.3,0.9281727420879292,0.5187045209439379,0.6152808640254867,0.9557705597788528,0.8822314049586777,0.9175298176487544,8,True,False,True,False,True,True,en,data/event2012.tsv,annotated,False,False,paraphrase-multilingual-MiniLM-L12-v2,sbert,2504,cosine,,,,FSD,False
9919.0,7.338441375138623,47.076320596557096,1.0,1.0,2905.0,0.35,0.8936050879917347,0.5969637727166772,0.6581381297413526,0.9284525790349416,0.8533057851239669,0.8892945001302371,8,True,False,True,False,True,True,en,data/event2012.tsv,annotated,False,False,paraphrase-multilingual-MiniLM-L12-v2,sbert,2504,cosine,,,,FSD,False
7444.0,9.778344975819453,61.37166304588912,1.0,1.0,3345.0,0.38,0.8702493171094196,0.6305829623587864,0.6670594697659858,0.9119617224880384,0.8161157024793388,0.8613807124951518,8,True,False,True,False,True,True,en,data/event2012.tsv,annotated,False,False,paraphrase-multilingual-MiniLM-L12-v2,sbert,2504,cosine,,,,FSD,False
6109.0,11.915207071533803,74.1110779779528,1.0,1.0,3687.0,0.4,0.8474801770003032,0.6470711584903082,0.6619223024499888,0.8953488372093024,0.78099173553719,0.8342696629213483,8,True,False,True,False,True,True,en,data/event2012.tsv,annotated,False,False,paraphrase-multilingual-MiniLM-L12-v2,sbert,2504,cosine,,,,FSD,False
3692.0,19.715601300108343,129.02421584551593,1.0,1.0,5220.0,0.45,0.7739374427650347,0.6898404405159707,0.6310604799859719,0.8786206896551724,0.6983471074380165,0.778179767889865,8,True,False,True,False,True,True,en,data/event2012.tsv,annotated,False,False,paraphrase-multilingual-MiniLM-L12-v2,sbert,2504,cosine,,,,FSD,False
2118.0,34.36732766761095,245.6645717699192,1.0,1.0,6054.0,0.5,0.6872536915104545,0.7094407898002402,0.5613805626747796,0.8393574297188755,0.5723140495867769,0.6805776792904208,8,True,False,True,False,True,True,en,data/event2012.tsv,annotated,False,False,paraphrase-multilingual-MiniLM-L12-v2,sbert,2504,cosine,,,,FSD,False
605.0,120.31404958677686,963.5766811286298,1.0,1.0,18030.0,0.6,0.4162895636606921,0.7280786574406862,0.3226047180052691,0.7677725118483413,0.2892561983471074,0.4202023196353799,8,True,False,True,False,True,True,en,data/event2012.tsv,annotated,False,False,paraphrase-multilingual-MiniLM-L12-v2,sbert,2504,cosine,,,,FSD,False
15167.0,4.79923518164436,24.85521263416488,1.0,1.0,1041.0,0.23,0.950497772631312,0.517377131029096,0.6255313070451248,0.9649006622516556,0.8884297520661157,0.9250875607609664,8,True,False,True,False,True,True,en,data/event2012.tsv,annotated,False,False,WhereIsAI/UAE-Large-V1,sbert,2504,cosine,,,,FSD,False
11521.0,6.318027948962763,35.801352911270605,1.0,1.0,1685.0,0.25,0.9359767517456984,0.5758924963207265,0.6635922434660979,0.9516981132075472,0.8863636363636364,0.917869707630717,8,True,False,True,False,True,True,en,data/event2012.tsv,annotated,False,False,WhereIsAI/UAE-Large-V1,sbert,2504,cosine,,,,FSD,False
7609.0,9.566303062163229,60.06297387507833,1.0,1.0,3579.0,0.28,0.909826440305584,0.6293163660759623,0.6897651080910373,0.92579185520362,0.871900826446281,0.8980385712294657,8,True,False,True,False,True,True,en,data/event2012.tsv,annotated,False,False,WhereIsAI/UAE-Large-V1,sbert,2504,cosine,,,,FSD,False
6630.0,10.978883861236802,71.15094686627086,1.0,1.0,3978.0,0.29,0.8964267881162529,0.6524605553109181,0.6987453729730655,0.9126117179741808,0.8533057851239669,0.8819628970810527,8,True,False,True,False,True,True,en,data/event2012.tsv,annotated,False,False,WhereIsAI/UAE-Large-V1,sbert,2504,cosine,,,,FSD,False
5778.0,12.59778470058844,80.67764672824246,1.0,1.0,4305.0,0.3,0.880687982992285,0.6700747170001095,0.70027093034718,0.9057203389830508,0.8347107438016529,0.8687669455077742,8,True,False,True,False,True,True,en,data/event2012.tsv,annotated,False,False,WhereIsAI/UAE-Large-V1,sbert,2504,cosine,,,,FSD,False
4985.0,14.601805416248746,93.9245865907443,1.0,1.0,4559.0,0.31,0.8692786852576793,0.687670401921414,0.7007768995245921,0.899548532731377,0.8119834710743802,0.8535260087254376,8,True,False,True,False,True,True,en,data/event2012.tsv,annotated,False,False,WhereIsAI/UAE-Large-V1,sbert,2504,cosine,,,,FSD,False
4344.0,16.75644567219153,106.00334768902582,1.0,1.0,4741.0,0.32,0.8454004769641948,0.703736668888901,0.6935565243960276,0.8917910447761194,0.7830578512396694,0.8338949035204006,8,True,False,True,False,True,True,en,data/event2012.tsv,annotated,False,False,WhereIsAI/UAE-Large-V1,sbert,2504,cosine,,,,FSD,False
2969.0,24.516672280229034,147.31616007455267,1.0,1.0,5503.0,0.35,0.7755670978654572,0.7408594584905771,0.6655736477638248,0.8541996830427893,0.6900826446280992,0.7634204779170112,8,True,False,True,False,True,True,en,data/event2012.tsv,annotated,False,False,WhereIsAI/UAE-Large-V1,sbert,2504,cosine,,,,FSD,False
2004.0,36.32235528942116,212.1305560734037,1.0,1.0,5771.0,0.38,0.7169564130890214,0.7582047785362374,0.6217332154024431,0.8436293436293436,0.5950413223140496,0.6978585607665265,8,True,False,True,False,True,True,en,data/event2012.tsv,annotated,False,False,WhereIsAI/UAE-Large-V1,sbert,2504,cosine,,,,FSD,False
1539.0,47.29694606887589,280.392298208133,1.0,1.0,5965.0,0.4,0.6493811730567077,0.7796785958257536,0.5769274690019758,0.8239277652370203,0.518595041322314,0.6365401784938841,8,True,False,True,False,True,True,en,data/event2012.tsv,annotated,False,False,WhereIsAI/UAE-Large-V1,sbert,2504,cosine,,,,FSD,False
731.0,99.57592339261286,718.4279074958307,1.0,2.0,13765.0,0.45,0.5008643212621241,0.7855323026016094,0.4278767676467864,0.7717391304347826,0.3636363636363636,0.4943429068755439,8,True,False,True,False,True,True,en,data/event2012.tsv,annotated,False,False,WhereIsAI/UAE-Large-V1,sbert,2504,cosine,,,,FSD,False
238.0,305.84033613445376,3250.659228131712,1.0,3.0,50022.0,0.5,0.2786771454968006,0.7742292727021639,0.1995980375247183,0.7264150943396226,0.146694214876033,0.2440951913202661,8,True,False,True,False,True,True,en,data/event2012.tsv,annotated,False,False,WhereIsAI/UAE-Large-V1,sbert,2504,cosine,,,,FSD,False
16867.0,4.315527361119345,21.302952124139395,1.0,1.0,718.0,0.3,0.9387033652304076,0.5321564152187941,0.6256409263803583,0.9584775086505192,0.8884297520661157,0.9221252777369184,8,True,False,True,False,True,True,en,data/event2012.tsv,annotated,False,False,sentence-transformers/all-mpnet-base-v2,sbert,2504,cosine,,,,FSD,False
10847.0,6.71061122891122,36.02872751061654,1.0,1.0,1508.0,0.35,0.8915857755681514,0.6069296670922165,0.6630550605165771,0.932829554995802,0.8574380165289256,0.8935463459397338,8,True,False,True,False,True,True,en,data/event2012.tsv,annotated,False,False,sentence-transformers/all-mpnet-base-v2,sbert,2504,cosine,,,,FSD,False
4104.0,17.73635477582846,116.97816459044782,1.0,1.0,5154.0,0.45,0.8004566643099879,0.7262970855178642,0.6768349215794564,0.8815426997245179,0.7541322314049587,0.8128751631143977,8,True,False,True,False,True,True,en,data/event2012.tsv,annotated,False,False,sentence-transformers/all-mpnet-base-v2,sbert,2504,cosine,,,,FSD,False
2591.0,28.093400231570826,165.7475465522385,1.0,1.0,5674.0,0.5,0.7433570708381229,0.7535006233441458,0.6464403083032155,0.8665511265164645,0.6652892561983471,0.7526987288274262,8,True,False,True,False,True,True,en,data/event2012.tsv,annotated,False,False,sentence-transformers/all-mpnet-base-v2,sbert,2504,cosine,,,,FSD,False
1626.0,44.76629766297663,266.7171630058985,1.0,1.0,5970.0,0.55,0.6362437578646694,0.7527025244753015,0.5467213893411413,0.7995283018867925,0.4958677685950413,0.6121067124091545,8,True,False,True,False,True,True,en,data/event2012.tsv,annotated,False,False,sentence-transformers/all-mpnet-base-v2,sbert,2504,cosine,,,,FSD,False
973.0,74.8098663926002,481.3331471919233,1.0,1.0,7404.0,0.6,0.4880648475441511,0.7585089623722417,0.4043486196489561,0.7619047619047619,0.3388429752066115,0.4690740078655702,8,True,False,True,False,True,True,en,data/event2012.tsv,annotated,False,False,sentence-transformers/all-mpnet-base-v2,sbert,2504,cosine,,,,FSD,False
2528.0,37.89398734177215,846.5890254853665,1.0,1.0,31159.0,0.01,0.2007444646008418,0.280225692494024,0.0179052191258368,0.515625,0.0245901639344262,0.0469416785206258,8,True,False,True,False,True,True,fr,data/event2018.tsv,annotated,False,False,almanach/camembert-large,sbert,4352,cosine,,,,FSD,False
93.0,1030.0645161290322,4389.079986310025,1.0,2.0,32023.0,0.03,0.0277121030275464,0.2952798501109708,0.0150724433842229,0.1034482758620689,0.0122950819672131,0.0219780219780219,8,True,False,True,False,True,True,fr,data/event2018.tsv,annotated,False,False,almanach/camembert-large,sbert,4352,cosine,,,,FSD,False
50.0,1915.92,5870.770358795708,1.0,2.5,32028.0,0.04,0.0172699669268052,0.3017048872409222,0.0146791718397282,0.1111111111111111,0.0081967213114754,0.015267175572519,8,True,False,True,False,True,True,fr,data/event2018.tsv,annotated,False,False,almanach/camembert-large,sbert,4352,cosine,,,,FSD,False
40.0,2394.9,6490.701296707231,1.0,4.0,32029.0,0.05,0.017167963436489,0.3017051031704774,0.014675358494555,0.1052631578947368,0.0081967213114754,0.0152091254752851,8,True,False,True,False,True,True,fr,data/event2018.tsv,annotated,False,False,almanach/camembert-large,sbert,4352,cosine,,,,FSD,False
25.0,3831.84,7929.777779988542,1.0,7.0,32029.0,0.07,0.0092087291133123,0.3125610555516203,0.0136541461310893,0.0666666666666666,0.0040983606557377,0.0077220077220077,8,True,False,True,False,True,True,fr,data/event2018.tsv,annotated,False,False,almanach/camembert-large,sbert,4352,cosine,,,,FSD,False
21.0,4561.714285714285,8484.40922010989,1.0,68.0,32029.0,0.1,0.0092038449082406,0.3125871944579175,0.0136470234823587,0.0769230769230769,0.0040983606557377,0.0077821011673151,8,True,False,True,False,True,True,fr,data/event2018.tsv,annotated,False,False,almanach/camembert-large,sbert,4352,cosine,,,,FSD,False
180.72727272727272,24.82582250168733,114.30599507150446,1.0,2.386363636363636,1167.2727272727273,0.6999999999999997,0.9678034704118336,0.8610950070453257,0.8913828017941565,0.958939361081972,0.9509341982967304,0.9536643882942486,8,True,False,True,False,True,True,fr,data/dailytweets_event2018,annotated,False,False,dangvantuan/sentence-camembert-large,sbert,5424,cosine,2024-07-03-16-57,,,agglomerative,True
305.8636363636364,14.87792030130408,73.9865064893403,1.0,2.0,936.2272727272727,0.6500000000000001,0.9762622726059664,0.8083470416595394,0.8596096806763037,0.9756630263790992,0.941246874750711,0.9570773007367164,8,True,False,True,False,True,True,fr,data/dailytweets_event2018,annotated,False,False,dangvantuan/sentence-camembert-large,sbert,5424,cosine,2024-07-03-17-32,,,agglomerative,True
46.0,94.56146960116112,308.10652639843977,1.0,5.7727272727272725,1829.1818181818185,0.7,0.8221678657697322,0.831245851817662,0.7483888052928243,0.8516133303486001,0.7286182355577936,0.7817620670653077,8,True,False,True,False,True,True,fr,data/dailytweets_event2018,annotated,False,False,dangvantuan/sentence-camembert-large,sbert,5424,cosine,2024-07-16-15-14,0.8841038362428086,0.8775543109864203,,True
269.0,356.1189591078067,2375.32216369029,1.0,3.0,33192.0,0.7,0.427507940557281,0.8757543254229612,0.4029319006040641,0.7796610169491526,0.3401639344262295,0.4736678866075306,8,True,False,True,False,True,True,fr,data/event2018.tsv,annotated,False,False,dangvantuan/sentence-camembert-large,sbert,4352,cosine,2024-07-16-16-59,0.6310591852431738,0.2904451545828834,,False
5572.0,17.192390524048815,189.5049392947764,1.0,1.0,10115.0,0.54,0.9223131720640052,0.77599320491625,0.8006817980233631,0.9605263157894736,0.9221311475409836,0.9409372135655362,8,True,False,True,False,True,True,fr,data/event2018.tsv,annotated,False,False,dangvantuan/sentence-camembert-large,sbert,4352,cosine,2024-07-16-17-11,0.7882610572314268,0.4661667586167345,,False
5285.0,18.12601702932829,144.60294122797933,1.0,1.0,4757.0,0.75,0.9180364131963276,0.7654262448887358,0.7936718249200991,0.9479674796747968,0.889344262295082,0.9177206237056006,8,True,False,True,False,False,True,fr,data/event2018.tsv,annotated,False,False,,tfidf_all_tweets,4352,cosine,2024-07-16-17-19,0.7855085809426678,0.3309492234122275,,False
37.0,2589.0810810810813,15327.71917579821,3.0,11.0,93284.0,0.54,0.1378446226420265,0.6645686407195021,0.1221788492678513,0.9142857142857144,0.1311475409836065,0.2293906810035842,8,True,False,True,False,True,True,fr,data/event2018.tsv,annotated,False,False,dangvantuan/sentence-camembert-large,sbert,4352,cosine,2024-07-16-17-45,0.0232751351721723,0.0023176667914597,,False
485.0,197.51752577319587,2279.1304032101457,3.0,10.0,48516.0,0.3,0.8310443516600055,0.6632464898961935,0.6355636758865285,0.9596602972399152,0.9016393442622952,0.9297454980645884,8,True,False,True,False,True,True,fr,data/event2018.tsv,annotated,False,False,dangvantuan/sentence-camembert-large,sbert,4352,cosine,2024-07-17-10-40,0.548898302292227,0.0766987345091077,,False
224.0,427.6607142857143,4175.523772206473,1.0,16.5,58873.0,0.4,0.5872885354311883,0.7793208621403832,0.5078924142679367,0.9386792452830188,0.6434426229508197,0.763514173998045,8,True,False,True,False,True,True,fr,data/event2018.tsv,annotated,False,False,dangvantuan/sentence-camembert-large,sbert,4352,cosine,2024-07-17-10-41,0.3659851072481324,0.0576503506881369,,False
8.0,11974.5,33721.28121612735,5.0,9.5,95430.0,0.6,0.0284160498756036,0.8089776811398072,0.032239019748986,0.8571428571428571,0.0245901639344262,0.047808764940239,8,True,False,True,False,True,True,fr,data/event2018.tsv,annotated,False,False,dangvantuan/sentence-camembert-large,sbert,4352,cosine,2024-07-17-10-43,0.0031505414831635,0.0003152710740962,,False
862.0,111.1322505800464,2829.721557267578,5.0,8.0,83093.0,0.1,0.7621489082685673,0.4801701048808727,0.3392005999751941,0.9930313588850174,0.8565573770491803,0.9197594249669944,8,True,False,True,False,True,True,fr,data/event2018.tsv,annotated,False,False,dangvantuan/sentence-camembert-large,sbert,4352,cosine,2024-07-17-11-05,0.203800736295306,0.0118536873361791,,False
881.0,108.7355278093076,2610.0528602662566,3.0,9.0,77483.0,0.15,0.8383118976417469,0.4775025273049706,0.4202022192955,0.9931428571428572,0.9098360655737704,0.9496659988284116,8,True,False,True,False,True,True,fr,data/event2018.tsv,annotated,False,False,dangvantuan/sentence-camembert-large,sbert,4352,cosine,2024-07-17-11-06,0.2792496180106725,0.0153233735480062,,False
749.0,127.89853137516688,2575.7616407185874,4.0,9.0,70486.0,0.2,0.8637491006511139,0.526792042912876,0.5058589414740451,0.9837618403247632,0.9262295081967212,0.9541291862416597,8,True,False,True,False,True,True,fr,data/event2018.tsv,annotated,False,False,dangvantuan/sentence-camembert-large,sbert,4352,cosine,2024-07-17-11-08,0.367316617698015,0.0203428624561001,,False
601.0,159.39434276206322,2495.987545889324,3.0,10.0,60953.0,0.25,0.8739641372304685,0.579720427186615,0.5829508505243364,0.9779661016949152,0.9385245901639344,0.9578394914062442,8,True,False,True,False,True,True,fr,data/event2018.tsv,annotated,False,False,dangvantuan/sentence-camembert-large,sbert,4352,cosine,2024-07-17-11-10,0.4696546057423693,0.0343852117177417,,False
5572.0,17.192390524048815,189.5041152202217,1.0,1.0,10115.0,0.54,0.9223131720640052,0.7767000831817205,0.8012225803432336,0.9605911330049262,0.9221311475409836,0.9409683126910084,8,True,False,True,False,True,True,fr,data/event2018.tsv,annotated,False,False,dangvantuan/sentence-camembert-large,sbert,4352,cosine,2024-07-17-11-41,0.7882234072072251,0.4661627758736033,,False
90307.0,1.060781556247024,0.5162666352308486,1.0,1.0,31.0,0.54,0.9961089494163424,0.1384575544616988,0.2106205449354681,0.997229916897507,0.5614754098360656,0.7184425005644698,8,True,False,True,False,True,True,fr,data/event2018.tsv,annotated,False,False,dangvantuan/sentence-camembert-large,sbert,4352,cosine,2024-07-17-16-03,0.0266408302180023,0.0001216227292989,fastcluster,False
90531.0,1.0581568744407992,0.4966340259690626,1.0,1.0,31.0,0.3,0.9961089494163424,0.1351058498018792,0.2059857519478382,0.9971098265895952,0.5491803278688525,0.7082669444784901,8,True,False,True,False,True,True,fr,data/event2018.tsv,annotated,False,False,dangvantuan/sentence-camembert-large,sbert,4352,cosine,2024-07-17-18-15,0.025382589597668,0.0001135039209381,fastcluster,False
90438.0,1.0592450076295363,0.5054472369402009,1.0,1.0,31.0,0.4,0.9961089494163424,0.1359621731959031,0.2073515607715398,0.9971830985915492,0.5573770491803278,0.7150665399239543,8,True,False,True,False,True,True,fr,data/event2018.tsv,annotated,False,False,dangvantuan/sentence-camembert-large,sbert,4352,cosine,2024-07-17-18-16,0.0259233299988685,0.0001170943483961,fastcluster,False
90345.0,1.0603353810393492,0.5138232608357901,1.0,1.0,31.0,0.5,0.9961089494163424,0.1378597015749399,0.2101265123134868,0.9972222222222222,0.5614754098360656,0.7184405036664816,8,True,False,True,False,True,True,fr,data/event2018.tsv,annotated,False,False,dangvantuan/sentence-camembert-large,sbert,4352,cosine,2024-07-17-18-17,0.0264455567580383,0.0001205619270081,fastcluster,False
90226.0,1.0617338682863031,0.5207380396004281,1.0,1.0,31.0,0.6,0.9961089494163424,0.1387207919525958,0.2110644250580945,0.9972972972972972,0.5655737704918032,0.721806429664909,8,True,False,True,False,True,True,fr,data/event2018.tsv,annotated,False,False,dangvantuan/sentence-camembert-large,sbert,4352,cosine,2024-07-17-18-18,0.0270383917458653,0.0001236051743895,fastcluster,False
90154.0,1.0625818044679105,0.5248572902058918,1.0,1.0,31.0,0.65,0.9961089494163424,0.1399255790728235,0.2125878104210249,0.997326203208556,0.5655737704918032,0.7218140004487323,8,True,False,True,False,True,True,fr,data/event2018.tsv,annotated,False,False,dangvantuan/sentence-camembert-large,sbert,4352,cosine,2024-07-17-18-20,0.027398716858665,0.0001254067870823,fastcluster,False
90068.0,1.0635963938357684,0.5303549580605383,1.0,1.0,31.0,0.7,0.9961089494163424,0.1402830373653393,0.2131721761950537,0.9973614775725592,0.569672131147541,0.7251523327789777,8,True,False,True,False,True,True,fr,data/event2018.tsv,annotated,False,False,dangvantuan/sentence-camembert-large,sbert,4352,cosine,2024-07-17-18-21,0.0278348356406807,0.0001278384595535,fastcluster,False
89892.0,1.065678814577493,0.5458195208859683,1.0,1.0,31.0,0.8,0.9961089494163424,0.1425435645566363,0.2166686747184156,0.9974489795918368,0.5901639344262295,0.7415641545715566,8,True,False,True,False,True,True,fr,data/event2018.tsv,annotated,False,False,dangvantuan/sentence-camembert-large,sbert,4352,cosine,2024-07-17-18-22,0.0287722214714224,0.0001345540896846,fastcluster,False
3.0,1538.0606060606058,2640.10831789252,12.0,250.1818181818182,4633.181818181818,0.7,0.1166732160473004,0.9673027085429544,0.1503460089024701,0.5454545454545454,0.0648197626172454,0.1151014728131432,8,True,False,True,False,True,True,fr,data/dailytweets_event2018,annotated,False,False,dangvantuan/sentence-camembert-large,sbert,5424,cosine,2024-07-18-15-21,0.00933612206867,0.0020414110011193,DBSCAN,True
16747.0,5.720188690511733,74.0474026777309,1.0,1.0,6893.0,0.45,0.9657145426812952,0.6822711149822486,0.7611890736654346,0.9811853245531514,0.9467213114754098,0.9636452719255268,8,True,False,True,False,True,True,fr,data/event2018.tsv,annotated,False,False,dangvantuan/sentence-camembert-large,sbert,4352,cosine,2024-07-18-18-03,0.6710754810423653,0.3096346596895121,FSD,False
9471.0,10.114665821982896,128.7957025528577,1.0,1.0,9451.0,0.5,0.9464359809601728,0.7413705738041813,0.7930442977864646,0.9708121827411168,0.9426229508196722,0.9565099211742324,8,True,False,True,False,True,True,fr,data/event2018.tsv,annotated,False,False,dangvantuan/sentence-camembert-large,sbert,4352,cosine,2024-07-18-18-09,0.7499142953781588,0.4178317990043386,FSD,False
7253.0,13.207776092651317,158.63988047453822,1.0,1.0,9766.0,0.52,0.9418894724540924,0.7551725148200957,0.7954457934701065,0.9634502923976608,0.930327868852459,0.9465994229016907,8,True,False,True,False,True,True,fr,data/event2018.tsv,annotated,False,False,dangvantuan/sentence-camembert-large,sbert,4352,cosine,2024-07-18-18-15,0.7697454431019886,0.4452463692804048,FSD,False
5572.0,17.192390524048815,189.5041152202217,1.0,1.0,10115.0,0.54,0.9223131720640052,0.7767000831817205,0.8012225803432336,0.9605911330049262,0.9221311475409836,0.9409683126910084,8,True,False,True,False,True,True,fr,data/event2018.tsv,annotated,False,False,dangvantuan/sentence-camembert-large,sbert,4352,cosine,2024-07-18-18-21,0.7882234072072251,0.4661627758736033,FSD,False
4165.0,23.00024009603841,227.57057418377343,1.0,1.0,10334.0,0.56,0.8970993819932593,0.7964382535354757,0.7965405211254875,0.9416195856873822,0.8934426229508197,0.9168986953120398,8,True,False,True,False,True,True,fr,data/event2018.tsv,annotated,False,False,dangvantuan/sentence-camembert-large,sbert,4352,cosine,2024-07-18-18-27,0.7976286610171772,0.475389475098652,FSD,False
2207.0,43.40552786588129,493.12592664982856,1.0,1.0,18790.0,0.6,0.8014904235734944,0.8128100382594113,0.7227551692051262,0.9081364829396326,0.7704918032786885,0.833670827672827,8,True,False,True,False,True,True,fr,data/event2018.tsv,annotated,False,False,dangvantuan/sentence-camembert-large,sbert,4352,cosine,2024-07-18-18-33,0.7845714539694234,0.4727425807676088,FSD,False
864.0,110.875,907.6882766301796,1.0,1.0,21250.0,0.65,0.7001671802444485,0.8279346602749927,0.6301541176347205,0.8835341365461847,0.6188524590163934,0.7278782633464433,8,True,False,True,False,True,True,fr,data/event2018.tsv,annotated,False,False,dangvantuan/sentence-camembert-large,sbert,4352,cosine,2024-07-18-18-38,0.7569888538025425,0.4213379253047877,FSD,False
180.0,24.82582250168733,114.30599507150446,1.0,2.386363636363636,1167.2727272727273,0.7,0.9678034704118336,0.8610950070453257,0.8913828017941565,0.958939361081972,0.9509341982967304,0.9536643882942486,8,True,False,True,False,True,True,fr,data/dailytweets_event2018,annotated,False,False,dangvantuan/sentence-camembert-large,sbert,5424,cosine,2024-07-19-16-45,0.8177400967364022,0.8072725632697605,spy_fcluster,True
26730.0,3.583838383838384,32.575698365376404,1.0,1.0,2407.0,0.6,0.9808735590730552,0.6092080806096576,0.7157788313921394,0.9849119865884324,0.9631147540983608,0.9738914214670534,8,True,False,True,False,False,True,fr,data/event2018.tsv,annotated,False,False,,tfidf_all_tweets,4352,cosine,2024-08-16-16-30,0.56014760445102,0.1090707226531578,FSD,False
18256.0,5.247370727432077,49.30325328667979,1.0,1.0,2592.0,0.65,0.9713640112554948,0.6678716381440943,0.758209317445799,0.981169474727453,0.9467213114754098,0.9636376277549884,8,True,False,True,False,False,True,fr,data/event2018.tsv,annotated,False,False,,tfidf_all_tweets,4352,cosine,2024-08-16-16-31,0.6477071656193341,0.1647493856189466,FSD,False
10835.0,8.841347485002307,81.67181874514156,1.0,1.0,3673.0,0.7,0.957226455058344,0.7231330219311604,0.7918454519616257,0.9659367396593674,0.9344262295081968,0.9499202417933004,8,True,False,True,False,False,True,fr,data/event2018.tsv,annotated,False,False,,tfidf_all_tweets,4352,cosine,2024-08-16-16-37,0.7222245427781026,0.2374929751327068,FSD,False
5285.0,18.12601702932829,144.60294122797933,1.0,1.0,4757.0,0.75,0.9180364131963276,0.7654262448887358,0.7936718249200991,0.9479674796747968,0.889344262295082,0.9177206237056006,8,True,False,True,False,False,True,fr,data/event2018.tsv,annotated,False,False,,tfidf_all_tweets,4352,cosine,2024-08-16-16-32,0.7855085809426678,0.3309492234122275,FSD,False
2246.0,42.65182546749777,269.8104256749584,1.0,1.0,6283.0,0.8,0.7961495630547673,0.8142564577078862,0.7269740758362114,0.894484412470024,0.7336065573770492,0.8060970088436812,8,True,False,True,False,False,True,fr,data/event2018.tsv,annotated,False,False,,tfidf_all_tweets,4352,cosine,2024-08-16-16-32,0.8030846985348759,0.368378087242272,FSD,False
40224.0,2.381563245823389,17.16390547420783,1.0,1.0,1789.0,0.55,0.975393581957322,0.5478693176016024,0.6551802652493081,0.9824890556597874,0.9631147540983608,0.9727054403370357,8,True,False,True,False,False,True,fr,data/event2018.tsv,annotated,False,False,,tfidf_dataset,4352,cosine,2024-08-17-18-01,0.4147966052899947,0.0445897910714086,FSD,False
31338.0,3.056863871338311,25.886421075041063,1.0,1.0,2192.0,0.6,0.9643589967872817,0.6032540842689736,0.7004651788759724,0.973775017253278,0.9549180327868853,0.9642543419059364,8,True,False,True,False,False,True,fr,data/event2018.tsv,annotated,False,False,,tfidf_dataset,4352,cosine,2024-08-17-18-03,0.4918089597093694,0.0738075732161099,FSD,False
22035.0,4.347447243022464,38.92011957484489,1.0,1.0,2556.0,0.65,0.9485316490824056,0.6564230559287135,0.7385470381709861,0.959087332808812,0.930327868852459,0.9444887217916796,8,True,False,True,False,False,True,fr,data/event2018.tsv,annotated,False,False,,tfidf_dataset,4352,cosine,2024-08-17-18-04,0.571402375854049,0.1080580308122959,FSD,False
13224.0,7.244101633393829,66.01899655338613,1.0,1.0,2928.0,0.7,0.9171813323512424,0.7117777345222371,0.7653737369995218,0.9366336633663368,0.918032786885246,0.9272399488911836,8,True,False,True,False,False,True,fr,data/event2018.tsv,annotated,False,False,,tfidf_dataset,4352,cosine,2024-08-17-18-04,0.6389308434405565,0.144764577285565,FSD,False
6263.0,15.295545265847037,137.29398081471598,1.0,1.0,5534.0,0.75,0.8251821852734209,0.7481445910658608,0.7132683276378031,0.8934306569343066,0.8319672131147541,0.8616041860997354,8,True,False,True,False,False,True,fr,data/event2018.tsv,annotated,False,False,,tfidf_dataset,4352,cosine,2024-08-17-18-05,0.6730299001433621,0.1927790674433257,FSD,False
